app_id,name,release_date,developer,publisher,genres,categories,original_price,discount_price,positive_reviews,negative_reviews,owners
730,Counter-Strike: Global Offensive,2012-08-21,"Valve,Hidden Path Entertainment",Valve,"Action,Free to Play","Single-player, Multi-player, Steam Achievements",0.0,0.0,7642084,1173003,"100,000,000 .. 200,000,000"
1172470,Apex Legends™,2020-11-04,Respawn Entertainment,Electronic Arts,"Action,Adventure,Free to Play","Single-player, Multi-player, Steam Achievements",0.0,0.0,668053,326926,"100,000,000 .. 200,000,000"
578080,PUBG: BATTLEGROUNDS,2017-12-21,"KRAFTON, Inc.","KRAFTON, Inc.","Action,Adventure,Free to Play,Massively Multiplayer","Single-player, Multi-player, Steam Achievements",0.0,0.0,1520457,1037487,"100,000,000 .. 200,000,000"
1623730,Palworld,2022-01-01,Pocketpair,Pocketpair,"Action,Adventure,Indie,RPG","Single-player, Multi-player, Steam Achievements",29.99,29.99,358266,22443,"50,000,000 .. 100,000,000"
440,Team Fortress 2,2007-10-10,Valve,Valve,"Action,Free to Play","Single-player, Multi-player, Steam Achievements",0.0,0.0,1044264,117208,"50,000,000 .. 100,000,000"
1938090,Call of Duty®: Modern Warfare® II,2022-10-28,"Infinity Ward,Raven Software,Beenox,Treyarch,High Moon Studios,Sledgehammer Games,Activision Shanghai,Demonware,Toys for Bob",Activision,Action,"Single-player, Multi-player, Steam Achievements",69.99,38.49,419594,294520,"50,000,000 .. 100,000,000"
1063730,New World,2021-09-28,Amazon Games,Amazon Games,"Action,Adventure,Massively Multiplayer,RPG","Single-player, Multi-player, Steam Achievements",59.99,59.99,196798,90080,"50,000,000 .. 100,000,000"
2358720,Black Myth: Wukong,2020-01-01,Game Science,Game Science,"Action, Indie","Single-player, Multi-player, Steam Achievements",59.99,59.99,1111720,38378,"50,000,000 .. 100,000,000"
271590,Grand Theft Auto V,2015-04-13,Rockstar North,Rockstar Games,"Action,Adventure","Single-player, Multi-player, Steam Achievements",0.0,0.0,1739980,250576,"50,000,000 .. 100,000,000"
550,Left 4 Dead 2,2009-11-16,Valve,Valve,Action,"Single-player, Multi-player, Steam Achievements",9.99,9.99,940221,23762,"50,000,000 .. 100,000,000"
304930,Unturned,2017-07-07,Smartly Dressed Games,Smartly Dressed Games,"Action,Adventure,Casual,Free to Play,Indie","Single-player, Multi-player, Steam Achievements",0.0,0.0,506516,48852,"50,000,000 .. 100,000,000"
1599340,Lost Ark,2020-01-01,Smilegate RPG,Amazon Games,"Action, Indie","Single-player, Multi-player, Steam Achievements",0.0,0.0,143481,58540,"50,000,000 .. 100,000,000"
236390,War Thunder,2013-08-15,Gaijin Entertainment,Gaijin Distribution KFT,"Action,Free to Play,Massively Multiplayer,Simulation","Single-player, Multi-player, Steam Achievements",0.0,0.0,484469,272617,"20,000,000 .. 50,000,000"
2246340,Monster Hunter Wilds,2020-01-01,"CAPCOM Co., Ltd.","CAPCOM Co., Ltd.","Action, Indie","Single-player, Multi-player, Steam Achievements",39.99,39.99,127273,91142,"20,000,000 .. 50,000,000"
553850,HELLDIVERS 2,2020-01-01,Arrowhead Game Studios,PlayStation Publishing LLC,"Action, Indie","Single-player, Multi-player, Steam Achievements",39.99,39.99,775883,241752,"20,000,000 .. 50,000,000"
230410,Warframe,2013-03-25,Digital Extremes,Digital Extremes,"Action,Free to Play,RPG","Single-player, Multi-player, Steam Achievements",0.0,0.0,545393,81110,"20,000,000 .. 50,000,000"
1245620,ELDEN RING,2022-02-24,FromSoftware Inc.,"FromSoftware Inc.,Bandai Namco Entertainment","Action,RPG","Single-player, Multi-player, Steam Achievements",59.99,59.99,981540,75137,"20,000,000 .. 50,000,000"
105600,Terraria,2011-05-16,Re-Logic,Re-Logic,"Action,Adventure,Indie,RPG","Single-player, Multi-player, Steam Achievements",9.99,9.99,1373979,35494,"20,000,000 .. 50,000,000"
2694490,Path of Exile 2,2020-01-01,Grinding Gear Games,Grinding Gear Games,"Action, Indie","Single-player, Multi-player, Steam Achievements",29.99,29.99,118511,50510,"20,000,000 .. 50,000,000"
431960,Wallpaper Engine,2018-11-01,Wallpaper Engine Team,Wallpaper Engine Team,"Casual,Indie,Animation & Modeling,Design & Illustration,Photo Editing,Utilities","Single-player, Multi-player, Steam Achievements",4.99,4.99,876898,17560,"20,000,000 .. 50,000,000"
1086940,Baldur's Gate 3,2020-10-06,Larian Studios,Larian Studios,"Adventure,RPG,Strategy,Early Access","Single-player, Multi-player, Steam Achievements",59.99,44.99,736688,23974,"20,000,000 .. 50,000,000"
291550,Brawlhalla,2017-10-17,Blue Mammoth Games,Ubisoft,"Action,Free to Play,Indie","Single-player, Multi-player, Steam Achievements",0.0,0.0,314809,71647,"20,000,000 .. 50,000,000"
4000,Garry's Mod,2006-11-29,Facepunch Studios,Valve,"Indie,Simulation","Single-player, Multi-player, Steam Achievements",9.99,9.99,1122546,37161,"20,000,000 .. 50,000,000"
1085660,Destiny 2,2019-10-01,Bungie,Bungie,"Action,Adventure,Free to Play","Single-player, Multi-player, Steam Achievements",0.0,0.0,497891,127725,"20,000,000 .. 50,000,000"
359550,Tom Clancy's Rainbow Six® Siege,2015-12-01,Ubisoft Montreal,Ubisoft,Action,"Single-player, Multi-player, Steam Achievements",19.99,19.99,1172854,225730,"20,000,000 .. 50,000,000"
252490,Rust,2018-02-08,Facepunch Studios,Facepunch Studios,"Action,Adventure,Indie,Massively Multiplayer,RPG","Single-player, Multi-player, Steam Achievements",39.99,19.99,1071135,156649,"20,000,000 .. 50,000,000"
552990,World of Warships,2017-11-15,Wargaming Group Limited,Wargaming Group Limited,"Action,Free to Play,Massively Multiplayer,Simulation","Single-player, Multi-player, Steam Achievements",0.0,0.0,112887,33665,"20,000,000 .. 50,000,000"
346110,ARK: Survival Evolved,2017-08-27,"Studio Wildcard,Instinct Games,Efecto Studios,Virtual Basement LLC",Studio Wildcard,"Action,Adventure,Indie,Massively Multiplayer,RPG","Single-player, Multi-player, Steam Achievements",14.99,14.99,612177,117993,"20,000,000 .. 50,000,000"
413150,Stardew Valley,2016-02-26,ConcernedApe,ConcernedApe,"Indie,RPG,Simulation","Single-player, Multi-player, Steam Achievements",14.99,14.99,872384,13811,"20,000,000 .. 50,000,000"
242760,The Forest,2018-04-30,Endnight Games Ltd,Endnight Games Ltd,"Action,Adventure,Indie,Simulation","Single-player, Multi-player, Steam Achievements",19.99,19.99,599805,27986,"20,000,000 .. 50,000,000"
1491000,War Robots: Frontiers,2020-01-01,MY.GAMES,MY.GAMES,"Action, Indie","Single-player, Multi-player, Steam Achievements",0.0,0.0,1977,1105,"20,000,000 .. 50,000,000"
238960,Path of Exile,2020-01-01,Grinding Gear Games,Grinding Gear Games,"Action, Indie","Single-player, Multi-player, Steam Achievements",0.0,0.0,209822,25269,"20,000,000 .. 50,000,000"
218620,PAYDAY 2,2013-08-13,OVERKILL - a Starbreeze Studio.,Starbreeze Publishing AB,"Action,RPG","Single-player, Multi-player, Steam Achievements",9.99,9.99,594327,68755,"20,000,000 .. 50,000,000"
291480,Warface,2014-07-01,MY.GAMES,MY.GAMES,"Action,Adventure,Free to Play,Massively Multiplayer,RPG,Simulation,Strategy","Single-player, Multi-player, Steam Achievements",0.0,0.0,54554,27643,"20,000,000 .. 50,000,000"
901583,Grand Theft Auto IV: Complete Edition,2020-01-01,"Rockstar North,Rockstar Toronto",Rockstar Games,"Action,Adventure","Single-player, Multi-player, Steam Achievements",0.0,0.0,144570,30702,"20,000,000 .. 50,000,000"
899770,Last Epoch,2019-04-30,Eleventh Hour Games,Eleventh Hour Games,"Action,Adventure,Indie,RPG,Early Access","Single-player, Multi-player, Steam Achievements",34.99,34.99,88027,22596,"20,000,000 .. 50,000,000"
340,Half-Life 2: Lost Coast,2005-10-27,Valve,Valve,Action,"Single-player, Multi-player, Steam Achievements",19.99,19.99,12215,1471,"20,000,000 .. 50,000,000"
1091500,Cyberpunk 2077,2020-12-09,CD PROJEKT RED,CD PROJEKT RED,RPG,"Single-player, Multi-player, Steam Achievements",59.99,59.99,713071,131850,"20,000,000 .. 50,000,000"
381210,Dead by Daylight,2016-06-14,Behaviour Interactive Inc.,Behaviour Interactive Inc.,Action,"Single-player, Multi-player, Steam Achievements",19.99,19.99,630223,166993,"20,000,000 .. 50,000,000"
990080,Hogwarts Legacy,2022-01-01,Avalanche Software,Warner Bros. Games,"Action,Adventure,RPG","Single-player, Multi-player, Steam Achievements",59.99,59.99,289966,31429,"20,000,000 .. 50,000,000"
438100,VRChat,2017-02-01,VRChat Inc.,VRChat Inc.,"Adventure,Casual,Free to Play,Massively Multiplayer,Simulation,Sports,Early Access","Single-player, Multi-player, Steam Achievements",0.0,0.0,181623,58732,"20,000,000 .. 50,000,000"
292030,The Witcher® 3: Wild Hunt,2015-05-18,CD PROJEKT RED,CD PROJEKT RED,RPG,"Single-player, Multi-player, Steam Achievements",49.99,24.99,802993,32356,"20,000,000 .. 50,000,000"
945360,Among Us,2018-11-16,Innersloth,Innersloth,Casual,"Single-player, Multi-player, Steam Achievements",4.99,4.99,643681,57104,"20,000,000 .. 50,000,000"
1097150,Fall Guys: Ultimate Knockout,2020-01-01,Mediatonic,Ravenscourt,"Action, Indie","Single-player, Multi-player, Steam Achievements",0.0,0.0,385154,88589,"20,000,000 .. 50,000,000"
49520,Borderlands 2,2012-09-20,"Gearbox Software,Aspyr (Mac),Aspyr (Linux)","2K,Aspyr (Mac),Aspyr (Linux)","Action,RPG","Single-player, Multi-player, Steam Achievements",39.99,5.99,272900,22318,"10,000,000 .. 20,000,000"
227300,Euro Truck Simulator 2,2012-10-12,SCS Software,SCS Software,"Indie,Simulation","Single-player, Multi-player, Steam Achievements",19.99,4.99,844480,22924,"10,000,000 .. 20,000,000"
892970,Valheim,2021-02-02,Iron Gate AB,Coffee Stain Publishing,"Action,Adventure,Indie,RPG,Early Access","Single-player, Multi-player, Steam Achievements",29.99,29.99,471451,28377,"10,000,000 .. 20,000,000"
739630,Phasmophobia,2020-09-18,Kinetic Games,Kinetic Games,"Action,Indie,Early Access","Single-player, Multi-player, Steam Achievements",19.99,19.99,736611,32168,"10,000,000 .. 20,000,000"
444090,Paladins®,2018-05-08,Evil Mojo Games,Hi-Rez Studios,"Action,Free to Play","Single-player, Multi-player, Steam Achievements",0.0,0.0,294373,52031,"10,000,000 .. 20,000,000"
1203220,NARAKA: BLADEPOINT,2021-08-11,24 Entertainment,NetEase Games Montréal,"Action,Adventure,Massively Multiplayer","Single-player, Multi-player, Steam Achievements",0.0,0.0,225960,98967,"10,000,000 .. 20,000,000"
320,Half-Life 2: Deathmatch,2004-11-01,Valve,Valve,Action,"Single-player, Multi-player, Steam Achievements",19.99,19.99,12962,1334,"10,000,000 .. 20,000,000"
70,Half-Life,1998-11-08,Valve,Valve,Action,"Single-player, Multi-player, Steam Achievements",9.99,9.99,143086,5135,"10,000,000 .. 20,000,000"
582010,Monster Hunter: World,2018-08-09,"CAPCOM Co., Ltd.","CAPCOM Co., Ltd.",Action,"Single-player, Multi-player, Steam Achievements",29.99,29.99,434239,59151,"10,000,000 .. 20,000,000"
227940,Heroes & Generals,2016-10-18,TLM Partners,TLM Partners,"Action,Free to Play,Indie,Massively Multiplayer,Strategy","Single-player, Multi-player, Steam Achievements",0.0,0.0,96499,46264,"10,000,000 .. 20,000,000"
252950,Rocket League,2020-01-01,Psyonix LLC,Psyonix LLC,"Action, Indie","Single-player, Multi-player, Steam Achievements",0.0,0.0,509445,73775,"10,000,000 .. 20,000,000"
108600,Project Zomboid,2013-11-08,The Indie Stone,The Indie Stone,"Indie,RPG,Simulation,Early Access","Single-player, Multi-player, Steam Achievements",24.99,24.99,355171,21892,"10,000,000 .. 20,000,000"
1966720,Lethal Company,2020-01-01,Zeekerss,Zeekerss,"Action, Indie","Single-player, Multi-player, Steam Achievements",9.99,9.99,473422,13738,"10,000,000 .. 20,000,000"
1174180,Red Dead Redemption 2,2019-12-05,Rockstar Games,Rockstar Games,"Action,Adventure","Single-player, Multi-player, Steam Achievements",59.99,59.99,676667,56875,"10,000,000 .. 20,000,000"
1517290,Battlefield™ 2042,2021-11-19,DICE,Electronic Arts,"Action,Adventure,Casual","Single-player, Multi-player, Steam Achievements",59.99,5.99,139186,158588,"10,000,000 .. 20,000,000"
1240440,Halo Infinite,2021-11-15,343 Industries,Xbox Game Studios,"Action,Free to Play","Single-player, Multi-player, Steam Achievements",0.0,0.0,123333,53708,"10,000,000 .. 20,000,000"
648800,Raft,2022-06-20,Redbeet Interactive,Axolot Games,"Adventure,Indie,Simulation","Single-player, Multi-player, Steam Achievements",19.99,19.99,323198,23161,"10,000,000 .. 20,000,000"
386360,SMITE®,2015-09-08,Titan Forge Games,Hi-Rez Studios,"Action,Free to Play","Single-player, Multi-player, Steam Achievements",0.0,0.0,94368,25428,"10,000,000 .. 20,000,000"
444200,World of Tanks Blitz,2016-11-09,Wargaming Group Limited,Wargaming Group Limited,"Action,Free to Play,Massively Multiplayer","Single-player, Multi-player, Steam Achievements",0.0,0.0,116407,31754,"10,000,000 .. 20,000,000"
10,Counter-Strike,2000-11-01,Valve,Valve,Action,"Single-player, Multi-player, Steam Achievements",9.99,9.99,243818,6427,"10,000,000 .. 20,000,000"
240,Counter-Strike: Source,2004-11-01,Valve,Valve,Action,"Single-player, Multi-player, Steam Achievements",9.99,9.99,175426,6808,"10,000,000 .. 20,000,000"
3164500,Schedule I,2020-01-01,TVGS,TVGS,"Action, Indie","Single-player, Multi-player, Steam Achievements",19.99,19.99,200803,3238,"10,000,000 .. 20,000,000"
755790,Ring of Elysium,2019-06-24,Aurora Studio,TCH Scarlet Limited,"Action,Free to Play,Massively Multiplayer","Single-player, Multi-player, Steam Achievements",0.0,0.0,74345,25492,"10,000,000 .. 20,000,000"
400,Portal,2007-10-10,Valve,Valve,Action,"Single-player, Multi-player, Steam Achievements",9.99,9.99,175024,2717,"10,000,000 .. 20,000,000"
1222670,The Sims™ 4,2020-06-18,Maxis,Electronic Arts,"Casual,Simulation","Single-player, Multi-player, Steam Achievements",0.0,0.0,149064,21663,"10,000,000 .. 20,000,000"
550650,Black Squad,2019-06-26,"VALOFE,NS STUDIO",VALOFE,"Action,Free to Play","Single-player, Multi-player, Steam Achievements",0.0,0.0,62042,19672,"10,000,000 .. 20,000,000"
322330,Don't Starve Together,2016-04-21,Klei Entertainment,Klei Entertainment,"Adventure,Indie,Simulation","Single-player, Multi-player, Steam Achievements",14.99,14.99,475393,23668,"10,000,000 .. 20,000,000"
239140,Dying Light,2016-04-21,Techland,Techland,"Action,RPG","Single-player, Multi-player, Steam Achievements",24.99,4.99,435687,21945,"10,000,000 .. 20,000,000"
477160,Human: Fall Flat,2016-07-22,No Brakes Games,Curve Games,"Adventure,Casual,Indie,Simulation","Single-player, Multi-player, Steam Achievements",19.99,5.99,202253,11387,"10,000,000 .. 20,000,000"
251570,7 Days to Die,2013-12-13,The Fun Pimps,The Fun Pimps Entertainment LLC,"Action,Adventure,Indie,RPG,Simulation,Strategy,Early Access","Single-player, Multi-player, Steam Achievements",44.99,44.99,327889,42157,"10,000,000 .. 20,000,000"
100,Counter-Strike: Condition Zero,2020-01-01,Valve,Valve,"Action, Indie","Single-player, Multi-player, Steam Achievements",9.99,9.99,13442,1535,"10,000,000 .. 20,000,000"
1665460,eFootball™ 2022,2021-09-29,Konami Digital Entertainment,Konami Digital Entertainment,"Free to Play,Simulation,Sports","Single-player, Multi-player, Steam Achievements",0.0,0.0,44067,48266,"10,000,000 .. 20,000,000"
417910,Street Warriors Online,2016-12-16,Crazy Rocks Studios,Crazy Rocks Studios,"Action,Massively Multiplayer,Simulation,Sports","Single-player, Multi-player, Steam Achievements",1.99,1.99,941,693,"10,000,000 .. 20,000,000"
433850,Z1 Battle Royale,2018-02-28,Daybreak Game Company,Daybreak Game Company,"Action,Adventure,Free to Play,Massively Multiplayer","Single-player, Multi-player, Steam Achievements",0.0,0.0,113729,90284,"10,000,000 .. 20,000,000"
594650,Hunt: Showdown,2019-08-27,Crytek,Crytek,Action,"Single-player, Multi-player, Steam Achievements",29.99,29.99,181110,67110,"10,000,000 .. 20,000,000"
814380,Sekiro™: Shadows Die Twice - GOTY Edition,2019-03-21,FromSoftware,"Activision (Excluding Japan and Asia),FromSoftware (Japan),方块游戏 (Asia)","Action,Adventure","Single-player, Multi-player, Steam Achievements",59.99,59.99,307041,15193,"10,000,000 .. 20,000,000"
1116170,CyberCorp,2022-01-01,Megame,Megame,"Action,Indie,Massively Multiplayer,RPG","Single-player, Multi-player, Steam Achievements",14.99,14.99,266,56,"10,000,000 .. 20,000,000"
220,Half-Life 2,2007-10-10,Valve,Valve,Action,"Single-player, Multi-player, Steam Achievements",9.99,9.99,239721,5906,"10,000,000 .. 20,000,000"
107410,Arma 3,2013-09-12,Bohemia Interactive,Bohemia Interactive,"Action,Simulation,Strategy","Single-player, Multi-player, Steam Achievements",29.99,29.99,256128,27136,"10,000,000 .. 20,000,000"
1326470,Sons Of The Forest,2022-10-01,Endnight Games Ltd,Newnight,"Action,Adventure,Indie,Simulation","Single-player, Multi-player, Steam Achievements",29.99,29.99,222495,31051,"10,000,000 .. 20,000,000"
219990,Grim Dawn,2016-02-25,Crate Entertainment,Crate Entertainment,"Action,Adventure,Indie,RPG","Single-player, Multi-player, Steam Achievements",24.99,24.99,93489,6241,"10,000,000 .. 20,000,000"
255710,Cities: Skylines,2015-03-10,Colossal Order Ltd.,Paradox Interactive,"Simulation,Strategy","Single-player, Multi-player, Steam Achievements",29.99,29.99,256362,19408,"10,000,000 .. 20,000,000"
261550,Mount & Blade II: Bannerlord,2020-03-30,TaleWorlds Entertainment,TaleWorlds Entertainment,"Action,RPG,Simulation,Strategy,Early Access","Single-player, Multi-player, Steam Achievements",49.99,49.99,232360,32031,"10,000,000 .. 20,000,000"
8930,Sid Meier's Civilization® V: Demo,2010-09-21,"Firaxis Games,Aspyr (Mac),Aspyr (Linux)","2K,Aspyr (Mac),Aspyr (Linux)",Strategy,"Single-player, Multi-player, Steam Achievements",29.99,29.99,195724,8541,"10,000,000 .. 20,000,000"
304050,Trove,2015-07-09,gamigo US Inc.,gamigo US Inc.,"Action,Adventure,Casual,Free to Play,Massively Multiplayer,RPG","Single-player, Multi-player, Steam Achievements",0.0,0.0,74103,18267,"10,000,000 .. 20,000,000"
289070,Sid Meier's Civilization VI Demo,2017-03-16,"Firaxis Games,Aspyr (Mac),Aspyr (Linux)","2K,Aspyr (Mac),Aspyr (Linux)",Strategy,"Single-player, Multi-player, Steam Achievements",59.99,59.99,304053,45867,"10,000,000 .. 20,000,000"
377160,Fallout 4,2015-11-09,Bethesda Game Studios,Bethesda Softworks,RPG,"Single-player, Multi-player, Steam Achievements",19.99,19.99,326054,66233,"10,000,000 .. 20,000,000"
532210,Life is Strange 2,2018-09-26,"DONTNOD Entertainment,Feral Interactive (Mac),Feral Interactive (Linux)","Square Enix,Feral Interactive (Mac),Feral Interactive (Linux)",Adventure,"Single-player, Multi-player, Steam Achievements",31.96,31.96,31616,5018,"10,000,000 .. 20,000,000"
2186680,"Warhammer 40,000: Rogue Trader",2020-01-01,Owlcat Games,Owlcat Games,"Action, Indie","Single-player, Multi-player, Steam Achievements",49.99,14.99,26360,4445,"10,000,000 .. 20,000,000"
1238810,Battlefield V,2020-10-22,DICE,Electronic Arts,Action,"Single-player, Multi-player, Steam Achievements",49.99,49.99,177352,72936,"10,000,000 .. 20,000,000"
3241660,R.E.P.O.,2020-01-01,semiwork,semiwork,"Action, Indie","Single-player, Multi-player, Steam Achievements",9.99,9.99,179154,6488,"10,000,000 .. 20,000,000"
221100,DayZ,2018-12-13,Bohemia Interactive,Bohemia Interactive,"Action,Adventure,Massively Multiplayer","Single-player, Multi-player, Steam Achievements",49.99,49.99,330349,99903,"10,000,000 .. 20,000,000"
526870,Satisfactory,2020-06-08,Coffee Stain Studios,Coffee Stain Publishing,"Adventure,Indie,Simulation,Strategy,Early Access","Single-player, Multi-player, Steam Achievements",39.99,27.99,225479,6585,"10,000,000 .. 20,000,000"
1089350,NBA 2K20,2020-01-01,Visual Concepts,2K,"Action, Indie","Single-player, Multi-player, Steam Achievements",0.0,0.0,30260,30413,"5,000,000 .. 10,000,000"
632360,Risk of Rain 2,2020-08-11,Hopoo Games,Gearbox Publishing,"Action,Indie","Single-player, Multi-player, Steam Achievements",24.99,24.99,293127,20450,"5,000,000 .. 10,000,000"
1811260,EA SPORTS FIFA 23,2020-01-01,EA Canada &amp; EA Romania,Electronic Arts,"Action, Indie","Single-player, Multi-player, Steam Achievements",0.0,0.0,86192,65227,"5,000,000 .. 10,000,000"
204360,Castle Crashers Demo,2020-01-01,The Behemoth,The Behemoth,"Action,Adventure,Casual,Indie,RPG","Single-player, Multi-player, Steam Achievements",14.99,1.49,120733,4865,"5,000,000 .. 10,000,000"
218230,PlanetSide 2,2012-11-20,Rogue Planet Games,Daybreak Game Company,"Action,Free to Play,Massively Multiplayer","Single-player, Multi-player, Steam Achievements",0.0,0.0,59598,14096,"5,000,000 .. 10,000,000"
72850,The Elder Scrolls V: Skyrim,2020-01-01,Bethesda Game Studios,Bethesda Softworks,"Action, Indie","Single-player, Multi-player, Steam Achievements",19.99,19.99,300915,16364,"5,000,000 .. 10,000,000"
394360,Hearts of Iron IV,2016-06-06,Paradox Development Studio,Paradox Interactive,"Simulation,Strategy","Single-player, Multi-player, Steam Achievements",49.99,49.99,305168,36982,"5,000,000 .. 10,000,000"
489830,The Elder Scrolls V: Skyrim Special Edition,2016-10-27,Bethesda Game Studios,Bethesda Softworks,RPG,"Single-player, Multi-player, Steam Achievements",39.99,39.99,310162,26896,"5,000,000 .. 10,000,000"
322170,Geometry Dash,2014-12-22,RobTop Games,RobTop Games,"Action,Indie","Single-player, Multi-player, Steam Achievements",4.99,4.99,401026,28895,"5,000,000 .. 10,000,000"
1446780,MONSTER HUNTER RISE,2022-01-12,"CAPCOM Co., Ltd.","CAPCOM Co., Ltd.",Action,"Single-player, Multi-player, Steam Achievements",39.99,39.99,92564,20108,"5,000,000 .. 10,000,000"
224260,No More Room in Hell,2013-10-31,No More Room in Hell Team,Lever Games,"Action,Free to Play,Indie","Single-player, Multi-player, Steam Achievements",0.0,0.0,66753,7500,"5,000,000 .. 10,000,000"
203160,Tomb Raider,2013-03-04,"Crystal Dynamics,Eidos-Montréal,Feral Interactive (Mac),Nixxes","Square Enix,Feral Interactive (Mac)","Action,Adventure","Single-player, Multi-player, Steam Achievements",19.99,19.99,238239,9691,"5,000,000 .. 10,000,000"
275850,No Man's Sky,2016-08-12,Hello Games,Hello Games,"Action,Adventure","Single-player, Multi-player, Steam Achievements",59.99,59.99,293332,59526,"5,000,000 .. 10,000,000"
367520,Hollow Knight,2017-02-24,Team Cherry,Team Cherry,"Action,Adventure,Indie","Single-player, Multi-player, Steam Achievements",14.99,14.99,403641,12305,"5,000,000 .. 10,000,000"
301520,Robocraft,2017-08-24,Freejam,Freejam,"Action,Free to Play,Indie,Massively Multiplayer,RPG,Simulation","Single-player, Multi-player, Steam Achievements",0.0,0.0,86240,31815,"5,000,000 .. 10,000,000"
767560,War Robots,2018-04-04,Pixonic,Pixonic,"Action,Free to Play","Single-player, Multi-player, Steam Achievements",0.0,0.0,15951,10624,"5,000,000 .. 10,000,000"
2050650,Resident Evil 4,2020-01-01,"CAPCOM Co., Ltd.","CAPCOM Co., Ltd.","Action, Indie","Single-player, Multi-player, Steam Achievements",39.99,39.99,177539,4169,"5,000,000 .. 10,000,000"
466240,Deceit,2017-03-03,World Makers,World Makers,"Action,Free to Play,Indie","Single-player, Multi-player, Steam Achievements",0.0,0.0,73606,19421,"5,000,000 .. 10,000,000"
284160,BeamNG.drive,2015-05-29,BeamNG,BeamNG,"Racing,Simulation,Early Access","Single-player, Multi-player, Steam Achievements",24.99,24.99,313873,8405,"5,000,000 .. 10,000,000"
278360,A Story About My Uncle,2014-05-28,Gone North Games,Coffee Stain Publishing,"Adventure,Casual,Indie","Single-player, Multi-player, Steam Achievements",14.99,2.99,26479,2437,"5,000,000 .. 10,000,000"
264710,Subnautica,2018-01-23,Unknown Worlds Entertainment,Unknown Worlds Entertainment,"Adventure,Indie","Single-player, Multi-player, Steam Achievements",29.99,29.99,304449,9258,"5,000,000 .. 10,000,000"
80,Counter-Strike: Condition Zero,2004-03-01,Valve,Valve,Action,"Single-player, Multi-player, Steam Achievements",9.99,9.99,24271,2287,"5,000,000 .. 10,000,000"
370910,Kathy Rain,2016-05-05,Clifftop Games,Raw Fury,"Adventure,Indie","Single-player, Multi-player, Steam Achievements",9.99,9.99,3478,300,"5,000,000 .. 10,000,000"
40,Deathmatch Classic,2001-06-01,Valve,Valve,Action,"Single-player, Multi-player, Steam Achievements",4.99,4.99,2618,545,"5,000,000 .. 10,000,000"
275390,Guacamelee! Super Turbo Championship Edition,2014-08-21,DrinkBox Studios,DrinkBox Studios,"Action,Adventure,Indie","Single-player, Multi-player, Steam Achievements",14.99,14.99,6234,499,"5,000,000 .. 10,000,000"
2881650,Content Warning,2020-01-01,"Zorro, Wilnyl, Philip, thePetHen, Skog",Evil Landfall?,"Action, Indie","Single-player, Multi-player, Steam Achievements",7.99,7.99,137483,7608,"5,000,000 .. 10,000,000"
311210,Call of Duty®: Black Ops III,2015-11-05,"Treyarch,Aspyr (Mac)","Activision,Aspyr (Mac)","Action,Adventure","Single-player, Multi-player, Steam Achievements",59.99,59.99,181306,33720,"5,000,000 .. 10,000,000"
333930,Dirty Bomb,2020-01-01,Splash Damage,Warchest Ltd.,"Action, Indie","Single-player, Multi-player, Steam Achievements",0.0,0.0,46464,10703,"5,000,000 .. 10,000,000"
1172620,Sea of Thieves,2020-06-03,Rare Ltd,Xbox Game Studios,"Action,Adventure","Single-player, Multi-player, Steam Achievements",39.99,39.99,317074,38164,"5,000,000 .. 10,000,000"
22380,Fallout: New Vegas,2010-10-21,Obsidian Entertainment,Bethesda Softworks,"Action,RPG","Single-player, Multi-player, Steam Achievements",9.99,9.99,218763,8937,"5,000,000 .. 10,000,000"
250900,The Binding of Isaac: Rebirth,2014-11-04,"Nicalis, Inc.,Edmund McMillen","Nicalis, Inc.",Action,"Single-player, Multi-player, Steam Achievements",14.99,14.99,334165,9255,"5,000,000 .. 10,000,000"
700330,SCP: Secret Laboratory,2020-01-01,Northwood Studios,Northwood Studios,"Action, Indie","Single-player, Multi-player, Steam Achievements",0.0,0.0,195923,18386,"5,000,000 .. 10,000,000"
10180,Call of Duty®: Modern Warfare® 2 (2009),2009-11-11,Infinity Ward,Activision,Action,"Single-player, Multi-player, Steam Achievements",19.99,19.99,54145,3973,"5,000,000 .. 10,000,000"
582660,Black Desert,2019-09-17,Pearl Abyss,Pearl Abyss,"Action,Adventure,Massively Multiplayer,RPG,Simulation,Strategy","Single-player, Multi-player, Steam Achievements",9.99,0.99,64416,22503,"5,000,000 .. 10,000,000"
1229490,ULTRAKILL Demo,2020-06-13,"Arsi ""Hakita"" Patala",New Blood Interactive,"Action,Indie,Early Access","Single-player, Multi-player, Steam Achievements",29.99,29.99,165867,3884,"5,000,000 .. 10,000,000"
1046930,Dota Underlords,2019-06-20,Valve,Valve,"Casual,Free to Play,Strategy","Single-player, Multi-player, Steam Achievements",0.0,0.0,74753,16141,"5,000,000 .. 10,000,000"
1426210,It Takes Two,2021-03-25,Hazelight,Electronic Arts,"Action,Adventure","Single-player, Multi-player, Steam Achievements",39.99,39.99,208042,10341,"5,000,000 .. 10,000,000"
2195250,EA SPORTS FC 24,2020-01-01,"EA Canada, EA Romania",Electronic Arts,"Action, Indie","Single-player, Multi-player, Steam Achievements",69.99,69.99,63281,46293,"5,000,000 .. 10,000,000"
2183900,"Warhammer 40,000: Space Marine 2",2020-01-01,Saber Interactive,Focus Entertainment,"Action, Indie","Single-player, Multi-player, Steam Achievements",59.99,59.99,134739,27846,"5,000,000 .. 10,000,000"
883710,Resident Evil 2,2019-01-24,"CAPCOM Co., Ltd.","CAPCOM Co., Ltd.",Action,"Single-player, Multi-player, Steam Achievements",39.99,39.99,167647,5210,"5,000,000 .. 10,000,000"
219640,Chivalry: Medieval Warfare,2012-10-16,Torn Banner Studios,Torn Banner Studios,"Action,Indie","Single-player, Multi-player, Steam Achievements",24.99,24.99,54016,11428,"5,000,000 .. 10,000,000"
306130,The Elder Scrolls® Online,2017-05-22,ZeniMax Online Studios,Bethesda Softworks,"Action,Adventure,Massively Multiplayer,RPG","Single-player, Multi-player, Steam Achievements",19.99,19.99,125497,28616,"5,000,000 .. 10,000,000"
244210,Assetto Corsa,2014-12-19,Kunos Simulazioni,Kunos Simulazioni,"Indie,Racing,Simulation,Sports","Single-player, Multi-player, Steam Achievements",19.99,19.99,140238,11153,"5,000,000 .. 10,000,000"
268500,XCOM® 2,2016-02-04,"Firaxis Games,Feral Interactive (Mac),Feral Interactive (Linux)","2K,Feral Interactive (Mac),Feral Interactive (Linux)",Strategy,"Single-player, Multi-player, Steam Achievements",19.99,19.99,86187,15514,"5,000,000 .. 10,000,000"
1794680,Vampire Survivors,2021-12-17,poncle,poncle,"Action,Casual,Indie,RPG,Early Access","Single-player, Multi-player, Steam Achievements",4.99,4.99,246479,3855,"5,000,000 .. 10,000,000"
1818750,MultiVersus,2020-01-01,Player First Games,Warner Bros. Games,"Action, Indie","Single-player, Multi-player, Steam Achievements",0.0,0.0,90318,27894,"5,000,000 .. 10,000,000"
242050,Assassin’s Creed® IV Black Flag™,2013-11-19,Ubisoft Montreal,Ubisoft,"Action,Adventure","Single-player, Multi-player, Steam Achievements",39.99,39.99,62942,8129,"5,000,000 .. 10,000,000"
30,Day of Defeat,2003-05-01,Valve,Valve,Action,"Single-player, Multi-player, Steam Achievements",4.99,4.99,6414,688,"5,000,000 .. 10,000,000"
236850,Europa Universalis IV,2013-08-13,"Paradox Development Studio,Paradox Tinto",Paradox Interactive,"Simulation,Strategy","Single-player, Multi-player, Steam Achievements",49.99,49.99,116432,18004,"5,000,000 .. 10,000,000"
363970,Clicker Heroes,2015-05-13,Playsaurus,Playsaurus,"Adventure,Casual,Free to Play,Indie,RPG,Simulation,Strategy","Single-player, Multi-player, Steam Achievements",0.0,0.0,54989,6315,"5,000,000 .. 10,000,000"
253710,theHunter Classic,2014-06-03,"Expansive Worlds,Avalanche Studios","Expansive Worlds,Avalanche Studios","Action,Adventure,Free to Play,Simulation,Sports","Single-player, Multi-player, Steam Achievements",0.0,0.0,24959,17994,"5,000,000 .. 10,000,000"
379720,DOOM,2016-05-12,id Software,Bethesda Softworks,Action,"Single-player, Multi-player, Steam Achievements",19.99,19.99,198001,9278,"5,000,000 .. 10,000,000"
273350,Evolve Stage 2,2020-01-01,Turtle Rock Studios,2K,"Action, Indie","Single-player, Multi-player, Steam Achievements",0.0,0.0,33844,14518,"5,000,000 .. 10,000,000"
1782210,Crab Game,2021-10-29,Dani,Dani,"Action,Casual,Free to Play,Indie,Racing","Single-player, Multi-player, Steam Achievements",0.0,0.0,139538,12895,"5,000,000 .. 10,000,000"
844870,KurtzPel,2019-04-30,KOG,KOG,"Action,Free to Play,Early Access","Single-player, Multi-player, Steam Achievements",0.0,0.0,20936,13480,"5,000,000 .. 10,000,000"
601150,Devil May Cry 5,2019-03-07,"CAPCOM Co., Ltd.","CAPCOM Co., Ltd.",Action,"Single-player, Multi-player, Steam Achievements",29.99,29.99,140260,5873,"5,000,000 .. 10,000,000"
1286830,STAR WARS™: The Old Republic™,2020-07-21,BioWare,Electronic Arts,"Free to Play,Massively Multiplayer,RPG","Single-player, Multi-player, Steam Achievements",0.0,0.0,60864,7088,"5,000,000 .. 10,000,000"
365670,Blender,2015-04-24,Blender Foundation,Blender Foundation,"Animation & Modeling,Design & Illustration,Video Production","Single-player, Multi-player, Steam Achievements",0.0,0.0,70186,2695,"5,000,000 .. 10,000,000"
319630,Life is Strange - Episode 1,2015-01-29,"DONTNOD Entertainment,Feral Interactive (Mac),Feral Interactive (Linux)","Square Enix,Feral interactive (Mac),Feral Interactive (Linux)","Action,Adventure","Single-player, Multi-player, Steam Achievements",0.0,0.0,162769,6432,"5,000,000 .. 10,000,000"
1293830,Forza Horizon 4,2021-03-09,Playground Games,Xbox Game Studios,Racing,"Single-player, Multi-player, Steam Achievements",0.0,0.0,263942,26975,"5,000,000 .. 10,000,000"
1145360,Hades,2020-09-17,Supergiant Games,Supergiant Games,"Action,Indie,RPG","Single-player, Multi-player, Steam Achievements",24.99,6.24,274829,4912,"5,000,000 .. 10,000,000"
671860,BattleBit Remastered,2022-01-01,"MrOkiDoki,BATTLEKOT,TheLiquidHorse",MrOkiDoki,"Action,Indie,Massively Multiplayer,Simulation,Early Access","Single-player, Multi-player, Steam Achievements",14.99,14.99,120458,22666,"5,000,000 .. 10,000,000"
427520,Factorio,2020-08-14,Wube Software LTD.,Wube Software LTD.,"Casual,Indie,Simulation,Strategy","Single-player, Multi-player, Steam Achievements",35.0,35.0,208770,6439,"5,000,000 .. 10,000,000"
221380,Age of Empires II (2013),2013-04-09,"Skybox Labs,Hidden Path Entertainment,Ensemble Studios,Forgotten Empires",Xbox Game Studios,Strategy,"Single-player, Multi-player, Steam Achievements",19.99,19.99,97083,4268,"5,000,000 .. 10,000,000"
231430,Company of Heroes 2,2013-06-24,"Relic Entertainment,Feral Interactive (Mac),Feral Interactive (Linux)","SEGA,Feral Interactive (Mac),Feral Interactive (Linux)",Strategy,"Single-player, Multi-player, Steam Achievements",19.99,4.99,86713,23112,"5,000,000 .. 10,000,000"
813820,Realm Royale,2018-06-05,Heroic Leap Games,Hi-Rez Studios,"Action,Free to Play,Early Access","Single-player, Multi-player, Steam Achievements",0.0,0.0,43223,13520,"5,000,000 .. 10,000,000"
594570,Total War: WARHAMMER II,2017-09-28,"CREATIVE ASSEMBLY,Feral Interactive (Mac),Feral Interactive (Linux)","SEGA,Feral Interactive (Mac),Feral Interactive (Linux)","Action,Strategy","Single-player, Multi-player, Steam Achievements",59.99,59.99,114776,9476,"5,000,000 .. 10,000,000"
391540,Undertale,2015-09-15,tobyfox,tobyfox,"Indie,RPG","Single-player, Multi-player, Steam Achievements",9.99,9.99,264082,8850,"5,000,000 .. 10,000,000"
976730,Halo: The Master Chief Collection,2019-12-03,"343 Industries,Splash Damage,Ruffian Games,Bungie,Saber Interactive",Xbox Game Studios,Action,"Single-player, Multi-player, Steam Achievements",39.99,39.99,223635,18432,"5,000,000 .. 10,000,000"
646570,Slay the Spire,2019-01-23,Mega Crit Games,Mega Crit Games,"Indie,Strategy","Single-player, Multi-player, Steam Achievements",24.99,24.99,178250,4027,"5,000,000 .. 10,000,000"
588650,Dead Cells,2018-08-06,Motion Twin,Motion Twin,"Action,Indie","Single-player, Multi-player, Steam Achievements",24.99,24.99,163549,4915,"5,000,000 .. 10,000,000"
268910,Cuphead,2017-09-29,Studio MDHR Entertainment Inc.,Studio MDHR Entertainment Inc.,"Action,Indie","Single-player, Multi-player, Steam Achievements",19.99,19.99,179894,6941,"5,000,000 .. 10,000,000"
439700,Z1 Battle Royale: Test Server,2016-02-24,Daybreak Game Company,Daybreak Game Company,Massively Multiplayer,"Single-player, Multi-player, Steam Achievements",0.0,0.0,1341,1224,"5,000,000 .. 10,000,000"
500,Left 4 Dead,2008-11-17,Valve,Valve,Action,"Single-player, Multi-player, Steam Achievements",9.99,9.99,59622,2272,"5,000,000 .. 10,000,000"
1118200,People Playground,2019-07-23,mestiez,Studio Minus,"Action,Casual,Indie,Simulation","Single-player, Multi-player, Steam Achievements",9.99,9.99,277746,4017,"5,000,000 .. 10,000,000"
620,Portal 2,2011-04-18,Valve,Valve,"Action,Adventure","Single-player, Multi-player, Steam Achievements",9.99,9.99,427835,5675,"5,000,000 .. 10,000,000"
1551360,Forza Horizon 5,2021-11-08,Playground Games,Xbox Game Studios,"Action,Adventure,Racing,Simulation,Sports","Single-player, Multi-player, Steam Achievements",59.99,59.99,199950,25679,"5,000,000 .. 10,000,000"
1049590,Eternal Return,2020-10-14,Nimble Neuron,"Kakao Games Europe B.V. (EU,NA,OCE),Nimble Neuron (Excluding EU,NA,OCE)","Free to Play,Indie,Strategy,Early Access","Single-player, Multi-player, Steam Achievements",0.0,0.0,51694,13352,"5,000,000 .. 10,000,000"
380,Half-Life 2: Episode One,2007-10-10,Valve,Valve,Action,"Single-player, Multi-player, Steam Achievements",19.99,19.99,30478,1344,"5,000,000 .. 10,000,000"
360,Half-Life Deathmatch: Source,2020-01-01,Valve,Valve,"Action, Indie","Single-player, Multi-player, Steam Achievements",9.99,9.99,3657,1242,"5,000,000 .. 10,000,000"
779340,Total War: THREE KINGDOMS,2019-05-23,"CREATIVE ASSEMBLY,Feral Interactive (Mac),Feral Interactive (Linux)","SEGA,Feral Interactive (Mac),Feral Interactive (Linux)","Action,Strategy","Single-player, Multi-player, Steam Achievements",39.99,39.99,74951,28794,"5,000,000 .. 10,000,000"
233450,Prison Architect,2015-10-06,"Double Eleven,Introversion Software",Paradox Interactive,"Indie,Simulation,Strategy","Single-player, Multi-player, Steam Achievements",29.99,29.99,64439,7891,"5,000,000 .. 10,000,000"
782330,DOOM Eternal,2020-03-19,id Software,Bethesda Softworks,Action,"Single-player, Multi-player, Steam Achievements",29.99,29.99,187807,18219,"5,000,000 .. 10,000,000"
223710,Cry of Fear,2020-01-01,Team Psykskallar,Team Psykskallar,"Action, Indie","Single-player, Multi-player, Steam Achievements",0.0,0.0,65852,8556,"5,000,000 .. 10,000,000"
513710,SCUM,2018-08-29,Gamepires,Gamepires,"Action,Adventure,Indie,Massively Multiplayer,Early Access","Single-player, Multi-player, Steam Achievements",44.99,44.99,83704,28411,"5,000,000 .. 10,000,000"
677620,Splitgate,2019-05-24,1047 Games,1047 Games,"Action,Free to Play,Indie","Single-player, Multi-player, Steam Achievements",0.0,0.0,102336,9404,"5,000,000 .. 10,000,000"
1677740,Stumble Guys,2021-10-07,Kitka Games,Kitka Games,"Action,Casual,Indie","Single-player, Multi-player, Steam Achievements",0.0,0.0,108841,19170,"5,000,000 .. 10,000,000"
109600,Neverwinter,2013-12-05,Cryptic Studios,Gearbox Publishing,"Action,Adventure,Free to Play,Massively Multiplayer,RPG","Single-player, Multi-player, Steam Achievements",0.0,0.0,29947,8638,"5,000,000 .. 10,000,000"
420,Half-Life 2: Episode Two,2007-10-10,Valve,Valve,Action,"Single-player, Multi-player, Steam Achievements",19.99,19.99,40556,1226,"5,000,000 .. 10,000,000"
397900,Business Tour - Board Game with Online Multiplayer,2017-07-27,Creobit,8Floor,"Casual,Free to Play,Indie,Massively Multiplayer,Strategy","Single-player, Multi-player, Steam Achievements",0.0,0.0,46567,30205,"5,000,000 .. 10,000,000"
698780,Doki Doki Literature Club!,2017-10-06,Team Salvato,Team Salvato,"Casual,Free to Play,Indie","Single-player, Multi-player, Steam Achievements",0.0,0.0,203247,7470,"5,000,000 .. 10,000,000"
435150,Divinity: Original Sin 2 - Definitive Edition,2017-09-14,Larian Studios,Larian Studios,"Adventure,RPG,Strategy","Single-player, Multi-player, Steam Achievements",44.99,44.99,182166,7958,"5,000,000 .. 10,000,000"
1100600,Football Manager 2020,2020-01-01,Sports Interactive,SEGA,"Action, Indie","Single-player, Multi-player, Steam Achievements",0.0,0.0,28341,3401,"5,000,000 .. 10,000,000"
1604030,V Rising,2022-05-17,Stunlock Studios,Stunlock Studios,"Action,Adventure,Massively Multiplayer,Early Access","Single-player, Multi-player, Steam Achievements",34.99,34.99,106197,13243,"5,000,000 .. 10,000,000"
534380,Dying Light 2 Stay Human,2022-02-03,Techland,Techland,"Action,Adventure,RPG","Single-player, Multi-player, Steam Achievements",59.99,59.99,154122,40708,"5,000,000 .. 10,000,000"
766570,Russian Fishing 4,2021-11-10,Russian Fishing,Russian Fishing,"Adventure,Casual,Free to Play,Massively Multiplayer,RPG,Simulation,Sports","Single-player, Multi-player, Steam Achievements",0.0,0.0,39598,33887,"5,000,000 .. 10,000,000"
548430,Deep Rock Galactic,2020-05-13,Ghost Ship Games,Coffee Stain Publishing,Action,"Single-player, Multi-player, Steam Achievements",29.99,29.99,333587,9413,"5,000,000 .. 10,000,000"
294100,RimWorld,2018-10-17,Ludeon Studios,Ludeon Studios,"Indie,Simulation,Strategy","Single-player, Multi-player, Steam Achievements",34.99,34.99,206216,4301,"5,000,000 .. 10,000,000"
273110,Counter-Strike Nexon: Studio,2014-10-07,"Valve Corporation, Nexon Korea Corporation",Nexon Korea Corporation,"Action,Casual,Free to Play,Massively Multiplayer","Single-player, Multi-player, Steam Achievements",0.0,0.0,28373,14329,"5,000,000 .. 10,000,000"
868270,The Cycle: Frontier,2022-06-08,YAGER,YAGER,"Action,Free to Play,Massively Multiplayer","Single-player, Multi-player, Steam Achievements",0.0,0.0,28893,16529,"5,000,000 .. 10,000,000"
863550,HITMAN™ 2,2018-11-13,IO Interactive A/S,IO Interactive A/S,Action,"Single-player, Multi-player, Steam Achievements",0.0,0.0,68165,6778,"5,000,000 .. 10,000,000"
1237970,Titanfall® 2,2020-06-18,Respawn Entertainment,Electronic Arts,Action,"Single-player, Multi-player, Steam Achievements",29.99,29.99,244524,11664,"5,000,000 .. 10,000,000"
555570,Infestation: The New Z,2016-11-22,Fredaikis AB,OP Productions LLC,"Action,Free to Play,Indie,Massively Multiplayer,RPG","Single-player, Multi-player, Steam Achievements",0.0,0.0,18200,15615,"5,000,000 .. 10,000,000"
10190,Call of Duty: Modern Warfare 2 (2009),2020-01-01,Infinity Ward,Activision,"Action, Indie","Single-player, Multi-player, Steam Achievements",19.99,19.99,31945,2927,"5,000,000 .. 10,000,000"
424840,Little Nightmares,2017-04-27,Tarsier Studios,BANDAI NAMCO Entertainment,Adventure,"Single-player, Multi-player, Steam Achievements",19.99,4.99,104472,5724,"5,000,000 .. 10,000,000"
2669320,EA SPORTS FC 25,2020-01-01,"EA Canada, EA Romania",Electronic Arts,"Action, Indie","Single-player, Multi-player, Steam Achievements",69.99,69.99,37253,37543,"5,000,000 .. 10,000,000"
518790,theHunter: Call of the Wild™,2017-02-16,Expansive Worlds,Expansive Worlds,"Adventure,Simulation,Sports","Single-player, Multi-player, Steam Achievements",19.99,19.99,157641,19969,"5,000,000 .. 10,000,000"
365590,Tom Clancy's The Division Demo,2017-02-28,Massive Entertainment,Ubisoft,"Action,Adventure,RPG","Single-player, Multi-player, Steam Achievements",29.99,2.99,65652,27546,"5,000,000 .. 10,000,000"
223470,POSTAL 2,2012-11-02,Running With Scissors,Running With Scissors,"Action,Adventure,Indie","Single-player, Multi-player, Steam Achievements",9.99,9.99,112414,3644,"5,000,000 .. 10,000,000"
241930,Middle-earth™: Shadow of Mordor™,2014-09-30,Monolith Productions,"Warner Bros. Interactive Entertainment,Warner Bros. Games","Action, Indie","Single-player, Multi-player, Steam Achievements",19.99,19.99,83849,6866,"5,000,000 .. 10,000,000"
346900,AdVenture Capitalist,2015-03-30,Hyper Hippo Games,Hyper Hippo Games,"Casual,Free to Play,Indie","Single-player, Multi-player, Steam Achievements",0.0,0.0,51968,7198,"5,000,000 .. 10,000,000"
3240220,Grand Theft Auto V Enhanced,2020-01-01,Rockstar North,Rockstar Games,"Action, Indie","Single-player, Multi-player, Steam Achievements",29.99,29.99,38595,17286,"5,000,000 .. 10,000,000"
440900,Conan Exiles,2018-05-08,Funcom,Funcom,"Action,Adventure,Massively Multiplayer,RPG,Simulation,Strategy","Single-player, Multi-player, Steam Achievements",39.99,39.99,84575,22890,"5,000,000 .. 10,000,000"
374320,DARK SOULS™ III,2016-04-11,"FromSoftware, Inc.","FromSoftware, Inc.,Bandai Namco Entertainment",Action,"Single-player, Multi-player, Steam Achievements",59.99,59.99,390326,23449,"5,000,000 .. 10,000,000"
1868140,DAVE THE DIVER,2020-01-01,MINTROCKET,MINTROCKET,"Action, Indie","Single-player, Multi-player, Steam Achievements",19.99,19.99,125422,3909,"5,000,000 .. 10,000,000"
304390,FOR HONOR™,2017-02-13,"Ubisoft Montreal,Ubisoft Quebec,Ubisoft Toronto,Blue Byte",Ubisoft,Action,"Single-player, Multi-player, Steam Achievements",29.99,2.99,104468,45788,"5,000,000 .. 10,000,000"
208090,Loadout,2020-01-01,Edge of Reality,Edge of Reality,"Action, Indie","Single-player, Multi-player, Steam Achievements",0.0,0.0,34218,5094,"5,000,000 .. 10,000,000"
48700,Mount & Blade: Warband Demo,2010-08-30,TaleWorlds Entertainment,TaleWorlds Entertainment,"Action,RPG","Single-player, Multi-player, Steam Achievements",19.99,19.99,162632,3773,"5,000,000 .. 10,000,000"
2630,Call of Duty® 2,2006-12-07,Infinity Ward,Activision,Action,"Single-player, Multi-player, Steam Achievements",19.99,19.99,9804,670,"5,000,000 .. 10,000,000"
12210,Grand Theft Auto IV: The Complete Edition,2020-03-24,"Rockstar North,Rockstar Toronto",Rockstar Games,"Action,Adventure","Single-player, Multi-player, Steam Achievements",19.99,5.99,144493,30691,"5,000,000 .. 10,000,000"
1144200,Ready or Not,2021-12-17,VOID Interactive,VOID Interactive,"Action,Adventure,Indie,Early Access","Single-player, Multi-player, Steam Achievements",49.99,49.99,210654,25542,"5,000,000 .. 10,000,000"
113400,APB Reloaded,2011-12-06,Reloaded Productions,Little Orbit,"Action,Free to Play,Massively Multiplayer","Single-player, Multi-player, Steam Achievements",0.0,0.0,23693,13599,"5,000,000 .. 10,000,000"
1332010,Stray,2022-07-19,BlueTwelve Studio,Annapurna Interactive,"Adventure,Indie","Single-player, Multi-player, Steam Achievements",29.99,29.99,152312,4295,"5,000,000 .. 10,000,000"
206420,Saints Row IV,2013-08-22,Deep Silver Volition,Deep Silver,"Action,Adventure","Single-player, Multi-player, Steam Achievements",19.99,19.99,67768,9376,"5,000,000 .. 10,000,000"
380600,Fishing Planet,2017-08-28,Fishing Planet LLC,Fishing Planet LLC,"Free to Play,Massively Multiplayer,Simulation,Sports","Single-player, Multi-player, Steam Achievements",0.0,0.0,57004,8695,"5,000,000 .. 10,000,000"
225540,Just Cause™ 3,2015-11-30,Avalanche Studios,Square Enix,"Action,Adventure","Single-player, Multi-player, Steam Achievements",19.99,19.99,102532,19629,"5,000,000 .. 10,000,000"
285800,Braveland,2014-03-17,Tortuga Team,Tortuga Team,"Adventure,Casual,Indie,RPG,Strategy","Single-player, Multi-player, Steam Achievements",9.99,9.99,2555,577,"5,000,000 .. 10,000,000"
286690,Metro 2033 Redux,2014-08-27,4A Games,Deep Silver,Action,"Single-player, Multi-player, Steam Achievements",19.99,19.99,101543,9424,"5,000,000 .. 10,000,000"
223750,DCS World Steam Edition,2013-08-02,Eagle Dynamics SA,Eagle Dynamics SA,"Free to Play,Simulation","Single-player, Multi-player, Steam Achievements",0.0,0.0,31661,5528,"5,000,000 .. 10,000,000"
1593500,God of War,2022-01-14,Santa Monica Studio,PlayStation PC LLC,"Action,Adventure,RPG","Single-player, Multi-player, Steam Achievements",49.99,49.99,151706,6311,"5,000,000 .. 10,000,000"
386180,Crossout,2020-01-01,Targem Games,Gaijin Network Ltd,"Action, Indie","Single-player, Multi-player, Steam Achievements",0.0,0.0,48219,15920,"5,000,000 .. 10,000,000"
1238840,Battlefield 1 ™,2020-06-11,DICE,Electronic Arts,"Action,Massively Multiplayer","Single-player, Multi-player, Steam Achievements",39.99,39.99,166775,26046,"5,000,000 .. 10,000,000"
812140,Assassin's Creed® Odyssey,2018-10-05,"Ubisoft Quebec,Ubisoft Montreal,Ubisoft Bucharest,Ubisoft Singapore,Ubisoft Montpellier,Ubisoft Kiev,Ubisoft Shanghai",Ubisoft,"Action,Adventure,RPG","Single-player, Multi-player, Steam Achievements",59.99,11.99,153091,19102,"5,000,000 .. 10,000,000"
1721470,Poppy Playtime,2021-10-12,MOB Games,MOB Games,"Action,Adventure,Indie","Single-player, Multi-player, Steam Achievements",0.0,0.0,84113,14801,"5,000,000 .. 10,000,000"
960090,Bloons TD 6,2018-12-17,Ninja Kiwi,Ninja Kiwi,Strategy,"Single-player, Multi-player, Steam Achievements",13.99,13.99,344269,9691,"2,000,000 .. 5,000,000"
55230,Saints Row: The Third,2011-11-14,Volition,Deep Silver,Action,"Single-player, Multi-player, Steam Achievements",9.99,9.99,65644,2956,"2,000,000 .. 5,000,000"
262060,Darkest Dungeon®,2016-01-19,Red Hook Studios,Red Hook Studios,"Indie,RPG,Strategy","Single-player, Multi-player, Steam Achievements",24.99,24.99,137026,12430,"2,000,000 .. 5,000,000"
761890,Albion Online,2018-05-16,Sandbox Interactive GmbH,Sandbox Interactive GmbH,"Free to Play,Massively Multiplayer,RPG","Single-player, Multi-player, Steam Achievements",0.0,0.0,65583,17491,"2,000,000 .. 5,000,000"
2001120,Split Fiction,2020-01-01,Hazelight Studios,Electronic Arts,"Action, Indie","Single-player, Multi-player, Steam Achievements",49.99,49.99,79546,2012,"2,000,000 .. 5,000,000"
281990,Stellaris,2016-05-09,Paradox Development Studio,Paradox Interactive,"Simulation,Strategy","Single-player, Multi-player, Steam Achievements",49.99,14.99,159527,25906,"2,000,000 .. 5,000,000"
252130,Divide By Sheep,2015-07-02,"Victor Solodilov,Denis Novikov",tinyBuild,"Adventure,Casual,Indie","Single-player, Multi-player, Steam Achievements",4.99,4.99,2376,246,"2,000,000 .. 5,000,000"
211820,Starbound,2016-07-22,Chucklefish,Chucklefish,"Action,Adventure,Casual,Indie,RPG","Single-player, Multi-player, Steam Achievements",14.99,14.99,152150,12756,"2,000,000 .. 5,000,000"
8190,Just Cause 2,2010-03-23,Avalanche Studios,Square Enix,"Action,Adventure","Single-player, Multi-player, Steam Achievements",14.99,14.99,46001,4738,"2,000,000 .. 5,000,000"
6060,"Star Wars: Battlefront 2 (Classic, 2005)",2009-07-08,Pandemic Studios,"Lucasfilm,LucasArts,Disney",Action,"Single-player, Multi-player, Steam Achievements",9.99,9.99,50396,2891,"2,000,000 .. 5,000,000"
508440,Totally Accurate Battle Simulator,2021-04-01,Landfall,Landfall,"Indie,Simulation,Strategy","Single-player, Multi-player, Steam Achievements",19.99,19.99,132974,2969,"2,000,000 .. 5,000,000"
115300,Call of Duty®: Modern Warfare® 3,2011-11-07,"Infinity Ward,Sledgehammer Games",Activision,Action,"Single-player, Multi-player, Steam Achievements",39.99,39.99,33647,4306,"2,000,000 .. 5,000,000"
42910,Magicka Demo,2011-01-24,Arrowhead Game Studios,Paradox Interactive,"Action,RPG","Single-player, Multi-player, Steam Achievements",9.99,9.99,26997,4365,"2,000,000 .. 5,000,000"
39210,FINAL FANTASY XIV Online,2020-01-01,Square Enix,Square Enix,"Action, Indie","Single-player, Multi-player, Steam Achievements",19.99,19.99,70254,9782,"2,000,000 .. 5,000,000"
1222680,Need for Speed™ Heat,2020-06-04,Ghost Games,Electronic Arts,"Action,Adventure,Racing,Sports","Single-player, Multi-player, Steam Achievements",69.99,69.99,111482,21373,"2,000,000 .. 5,000,000"
351940,The Descendant,2016-03-24,Gaming Corps AB,"Microids Indie,Microids","Adventure,Casual,Indie","Single-player, Multi-player, Steam Achievements",14.99,14.99,6312,811,"2,000,000 .. 5,000,000"
1250,Killing Floor,2009-05-14,Tripwire Interactive,Tripwire Interactive,Action,"Single-player, Multi-player, Steam Achievements",19.99,19.99,64024,3448,"2,000,000 .. 5,000,000"
2623190,The Elder Scrolls IV: Oblivion Remastered,2020-01-01,"Bethesda Game Studios, Virtuos",Bethesda Softworks,"Action, Indie","Single-player, Multi-player, Steam Achievements",49.99,49.99,42316,10242,"2,000,000 .. 5,000,000"
323190,Frostpunk,2018-04-24,11 bit studios,11 bit studios,"Simulation,Strategy","Single-player, Multi-player, Steam Achievements",29.99,29.99,114315,9231,"2,000,000 .. 5,000,000"
1716740,Starfield,2023-01-01,Bethesda Game Studios,Bethesda Softworks,RPG,"Single-player, Multi-player, Steam Achievements",49.99,49.99,93942,71585,"2,000,000 .. 5,000,000"
813780,Age of Empires II: Definitive Edition,2019-11-14,"Forgotten Empires,Tantalus Media,Wicked Witch",Xbox Game Studios,Strategy,"Single-player, Multi-player, Steam Achievements",34.99,34.99,154061,8401,"2,000,000 .. 5,000,000"
630,Alien Swarm,2020-01-01,Valve,Valve,"Action, Indie","Single-player, Multi-player, Steam Achievements",0.0,0.0,20179,1095,"2,000,000 .. 5,000,000"
57300,Amnesia: The Dark Descent,2010-09-08,Frictional Games,Frictional Games,"Action,Adventure,Indie","Single-player, Multi-player, Steam Achievements",19.99,19.99,32258,1850,"2,000,000 .. 5,000,000"
395170,DISTRAINT: Deluxe Edition,2015-10-21,Jesse Makkonen,Jesse Makkonen,"Adventure,Casual,Indie","Single-player, Multi-player, Steam Achievements",4.99,4.99,11408,834,"2,000,000 .. 5,000,000"
20920,The Witcher 2: Assassins of Kings Enhanced Edition,2012-04-16,CD PROJEKT RED,"CD PROJEKT RED,1C-SoftClub",RPG,"Single-player, Multi-player, Steam Achievements",19.99,19.99,77950,9114,"2,000,000 .. 5,000,000"
212680,FTL: Faster Than Light,2012-09-14,Subset Games,Subset Games,"Indie,Simulation,Strategy","Single-player, Multi-player, Steam Achievements",9.99,1.99,71561,3491,"2,000,000 .. 5,000,000"
504370,Battlerite,2017-11-08,Stunlock Studios,Stunlock Studios,"Action,Free to Play","Single-player, Multi-player, Steam Achievements",0.0,0.0,50196,9152,"2,000,000 .. 5,000,000"
286160,Tabletop Simulator,2015-06-05,Berserk Games,Berserk Games,"Casual,Indie,RPG,Simulation,Strategy","Single-player, Multi-player, Steam Achievements",19.99,19.99,66735,3925,"2,000,000 .. 5,000,000"
311690,Enter the Gungeon,2016-04-05,Dodge Roll,Devolver Digital,"Action,Adventure,Indie","Single-player, Multi-player, Steam Achievements",14.99,14.99,81669,3893,"2,000,000 .. 5,000,000"
355840,Survarium,2020-01-01,Vostok Games,Vostok Games,"Action, Indie","Single-player, Multi-player, Steam Achievements",0.0,0.0,13832,11623,"2,000,000 .. 5,000,000"
1145350,Hades II,2020-01-01,Supergiant Games,Supergiant Games,"Action, Indie","Single-player, Multi-player, Steam Achievements",29.99,20.99,60844,3288,"2,000,000 .. 5,000,000"
1366800,Crosshair X,2020-08-17,CenterPoint Gaming,CenterPoint Gaming,"Action,Utilities","Single-player, Multi-player, Steam Achievements",9.99,9.99,29275,2077,"2,000,000 .. 5,000,000"
1196590,Resident Evil Village,2021-05-06,"CAPCOM Co., Ltd.","CAPCOM Co., Ltd.",Action,"Single-player, Multi-player, Steam Achievements",39.99,39.99,114131,5219,"2,000,000 .. 5,000,000"
613100,House Flipper,2018-05-17,Empyrean,"Frozen District,PlayWay S.A.","Indie,Simulation","Single-player, Multi-player, Steam Achievements",24.99,24.99,89596,5548,"2,000,000 .. 5,000,000"
1172380,STAR WARS Jedi: Fallen Order™,2019-11-14,Respawn Entertainment,Electronic Arts,"Action,Adventure","Single-player, Multi-player, Steam Achievements",39.99,7.99,140485,18094,"2,000,000 .. 5,000,000"
202970,Call of Duty®: Black Ops II,2012-11-12,Treyarch,Activision,Action,"Single-player, Multi-player, Steam Achievements",39.99,39.99,40563,6454,"2,000,000 .. 5,000,000"
304430,INSIDE,2016-07-07,Playdead,Playdead,"Action,Adventure,Indie","Single-player, Multi-player, Steam Achievements",24.99,24.99,65954,2092,"2,000,000 .. 5,000,000"
3590,Plants vs. Zombies Demo,2009-05-05,"PopCap Games, Inc.","PopCap Games, Inc.,Electronic Arts",Strategy,"Single-player, Multi-player, Steam Achievements",4.99,4.99,136574,3351,"2,000,000 .. 5,000,000"
1260320,Party Animals,2020-01-01,Recreate Games,Source Technology,"Action,Casual,Indie","Single-player, Multi-player, Steam Achievements",19.99,9.99,50198,13834,"2,000,000 .. 5,000,000"
33930,Arma 2: Operation Arrowhead,2010-06-29,Bohemia Interactive,Bohemia Interactive,"Action,Simulation,Strategy","Single-player, Multi-player, Steam Achievements",19.99,19.99,20414,1676,"2,000,000 .. 5,000,000"
212500,The Lord of the Rings Online™,2012-06-06,"Standing Stone Games, LLC","Standing Stone Games, LLC","Action,Adventure,Free to Play,Massively Multiplayer,RPG","Single-player, Multi-player, Steam Achievements",0.0,0.0,17099,3896,"2,000,000 .. 5,000,000"
457140,Oxygen Not Included,2019-07-30,Klei Entertainment,Klei Entertainment,"Indie,Simulation","Single-player, Multi-player, Steam Achievements",24.99,24.99,124220,4170,"2,000,000 .. 5,000,000"
620980,Beat Saber,2019-05-21,Beat Games,Beat Games,Indie,"Single-player, Multi-player, Steam Achievements",19.99,14.99,71341,3271,"2,000,000 .. 5,000,000"
1222140,Detroit: Become Human,2020-06-18,Quantic Dream,Quantic Dream,"Action,Adventure","Single-player, Multi-player, Steam Achievements",39.99,7.99,162047,7152,"2,000,000 .. 5,000,000"
1817070,Marvel’s Spider-Man Remastered,2022-08-12,"Insomniac Games,Nixxes Software",PlayStation PC LLC,"Action,Adventure,Casual","Single-player, Multi-player, Steam Achievements",59.99,59.99,107786,4606,"2,000,000 .. 5,000,000"
205100,Dishonored,2012-10-09,Arkane Studios,Bethesda Softworks,"Action,Adventure","Single-player, Multi-player, Steam Achievements",9.99,9.99,80427,1943,"2,000,000 .. 5,000,000"
24240,PAYDAY™ The Heist,2011-10-20,OVERKILL Software,Daybreak Game Company,Action,"Single-player, Multi-player, Steam Achievements",9.99,9.99,37570,2653,"2,000,000 .. 5,000,000"
1506830,FIFA 22,2021-09-30,EA Canada & EA Romania,Electronic Arts,"Simulation,Sports","Single-player, Multi-player, Steam Achievements",0.0,0.0,97293,23578,"2,000,000 .. 5,000,000"
871720,Ultimate Custom Night,2018-06-27,Scott Cawthon,Scott Cawthon,"Action,Free to Play,Indie","Single-player, Multi-player, Steam Achievements",0.0,0.0,55394,2879,"2,000,000 .. 5,000,000"
962130,Grounded,2020-07-28,Obsidian Entertainment,Xbox Game Studios,"Action,Adventure,Early Access","Single-player, Multi-player, Steam Achievements",39.99,39.99,75482,9035,"2,000,000 .. 5,000,000"
356190,Middle-earth™: Shadow of War™,2017-10-09,Monolith Productions,WB Games,"Action,Adventure,RPG","Single-player, Multi-player, Steam Achievements",49.99,49.99,95053,12165,"2,000,000 .. 5,000,000"
274190,Broforce,2015-10-15,Free Lives,Devolver Digital,"Action,Adventure,Casual,Indie","Single-player, Multi-player, Steam Achievements",14.99,14.99,57080,1800,"2,000,000 .. 5,000,000"
234140,Mad Max,2015-09-01,Avalanche Studios,"Warner Bros. Games,Warner Bros. Interactive Entertainment","Action,Adventure","Single-player, Multi-player, Steam Achievements",19.99,19.99,76230,6430,"2,000,000 .. 5,000,000"
8500,EVE Online,2010-12-15,CCP,CCP,"Action,Free to Play,Massively Multiplayer,RPG,Strategy","Single-player, Multi-player, Steam Achievements",0.0,0.0,26813,9575,"2,000,000 .. 5,000,000"
552520,Far Cry® 5,2018-03-26,"Ubisoft Montreal,Red Storm,Ubisoft Shanghai,Ubisoft Toronto,Ubisoft Kiev",Ubisoft,"Action,Adventure","Single-player, Multi-player, Steam Achievements",59.99,8.99,140377,33100,"2,000,000 .. 5,000,000"
7670,BioShock™,2007-08-21,"2K Boston,2K Australia",2K,"Action,RPG","Single-player, Multi-player, Steam Achievements",19.99,19.99,29127,1804,"2,000,000 .. 5,000,000"
760160,Vampire: The Masquerade - Bloodhunt,2022-04-27,Sharkmob AB,Sharkmob AB,"Action,Free to Play","Single-player, Multi-player, Steam Achievements",0.0,0.0,43433,13651,"2,000,000 .. 5,000,000"
270880,American Truck Simulator Demo,2016-02-09,SCS Software,SCS Software,"Indie,Simulation","Single-player, Multi-player, Steam Achievements",19.99,4.99,169735,5552,"2,000,000 .. 5,000,000"
1203620,Enshrouded,2020-01-01,Keen Games GmbH,Keen Games GmbH,"Action, Indie","Single-player, Multi-player, Steam Achievements",39.99,39.99,67486,10594,"2,000,000 .. 5,000,000"
601510,Yu-Gi-Oh! Duel Links,2017-11-16,Konami Digital Entertainment,Konami Digital Entertainment,"Free to Play,Strategy","Single-player, Multi-player, Steam Achievements",0.0,0.0,36345,7285,"2,000,000 .. 5,000,000"
397540,Borderlands 3,2020-03-13,Gearbox Software,2K,"Action,RPG","Single-player, Multi-player, Steam Achievements",79.99,11.99,125248,23817,"2,000,000 .. 5,000,000"
12120,Grand Theft Auto: San Andreas,2020-01-01,Rockstar Games,Rockstar Games,"Action, Indie","Single-player, Multi-player, Steam Achievements",0.0,0.0,76056,6573,"2,000,000 .. 5,000,000"
236870,HITMAN™,2016-03-11,"IO Interactive A/S,Feral Interactive (Linux),Feral Interactive (Mac)","IO Interactive A/S,Feral Interactive (Linux),Feral Interactive (Mac)",Action,"Single-player, Multi-player, Steam Achievements",0.0,0.0,30973,6227,"2,000,000 .. 5,000,000"
674940,Stick Fight: The Game,2017-09-28,Landfall West,Landfall,"Action,Casual,Indie","Single-player, Multi-player, Steam Achievements",4.99,4.99,114720,7938,"2,000,000 .. 5,000,000"
884660,CRSED: F.O.A.D.,2018-06-15,Darkflow Software,Gaijin Distribution KFT,"Action,Free to Play,Massively Multiplayer","Single-player, Multi-player, Steam Achievements",0.0,0.0,30411,8179,"2,000,000 .. 5,000,000"
701160,Kingdom Two Crowns,2018-12-11,"Stumpy🐙Squid,Fury Studios,Coatsink",Raw Fury,"Adventure,Indie,Simulation,Strategy","Single-player, Multi-player, Steam Achievements",19.99,19.99,6244,819,"2,000,000 .. 5,000,000"
1832640,Mirror 2: Project X,2022-01-20,KAGAMI Ⅱ WORKs,NIJICO,"Adventure,Indie,RPG,Early Access","Single-player, Multi-player, Steam Achievements",1.99,1.99,28726,87986,"2,000,000 .. 5,000,000"
208650,Batman™: Arkham Knight,2015-06-23,Rocksteady Studios,Warner Bros. Interactive Entertainment,"Action,Adventure","Single-player, Multi-player, Steam Achievements",19.99,19.99,124147,15901,"2,000,000 .. 5,000,000"
48000,LIMBO,2011-08-02,Playdead,Playdead,"Action,Adventure,Indie","Single-player, Multi-player, Steam Achievements",12.49,12.49,53043,4241,"2,000,000 .. 5,000,000"
2379780,Balatro,2020-01-01,LocalThunk,Playstack,"Action, Indie","Single-player, Multi-player, Steam Achievements",14.99,14.99,150524,3042,"2,000,000 .. 5,000,000"
298110,Far Cry® 4,2014-11-01,"Ubisoft Montreal, Red Storm, Shanghai, Toronto, Kiev",Ubisoft,"Action,Adventure","Single-player, Multi-player, Steam Achievements",29.99,5.99,51618,9649,"2,000,000 .. 5,000,000"
42710,Call of Duty: Black Ops,2020-01-01,Treyarch,Activision,"Action, Indie","Single-player, Multi-player, Steam Achievements",39.99,39.99,15124,2010,"2,000,000 .. 5,000,000"
200710,Torchlight II Demo,2012-09-20,Runic Games,Runic Games,"Action,Adventure,Indie,RPG","Single-player, Multi-player, Steam Achievements",19.99,3.99,41131,3210,"2,000,000 .. 5,000,000"
203770,Crusader Kings II,2012-02-14,Paradox Development Studio,Paradox Interactive,"Free to Play,RPG,Simulation,Strategy","Single-player, Multi-player, Steam Achievements",0.0,0.0,66359,7450,"2,000,000 .. 5,000,000"
1903340,Clair Obscur: Expedition 33,2020-01-01,Sandfall Interactive,Kepler Interactive,"Action, Indie","Single-player, Multi-player, Steam Achievements",49.99,39.99,106216,4816,"2,000,000 .. 5,000,000"
244850,Space Engineers,2019-02-28,Keen Software House,Keen Software House,"Action,Indie,Simulation,Strategy","Single-player, Multi-player, Steam Achievements",19.99,19.99,117204,15143,"2,000,000 .. 5,000,000"
1366540,Dyson Sphere Program,2021-01-20,Youthcat Studio,Gamera Games,"Indie,Simulation,Strategy,Early Access","Single-player, Multi-player, Steam Achievements",19.99,19.99,83095,1993,"2,000,000 .. 5,000,000"
2709570,Supermarket Together,2020-01-01,DeadDevsTellNoLies,DeadDevsTellNoLies,"Action, Indie","Single-player, Multi-player, Steam Achievements",0.0,0.0,63994,3441,"2,000,000 .. 5,000,000"
201270,Total War: SHOGUN 2 Demo,2011-02-22,"CREATIVE ASSEMBLY,Feral Interactive (Mac),Feral Interactive (Linux)","SEGA,Feral Interactive (Mac),Feral Interactive (Linux)",Strategy,"Single-player, Multi-player, Steam Achievements",29.99,29.99,58839,5437,"2,000,000 .. 5,000,000"
389730,TEKKEN 7,2017-06-01,BANDAI NAMCO Studios Inc.,BANDAI NAMCO Entertainment,"Action,Sports","Single-player, Multi-player, Steam Achievements",39.99,39.99,77227,15580,"2,000,000 .. 5,000,000"
10090,Call of Duty: World at War,2008-11-18,Treyarch,Activision,Action,"Single-player, Multi-player, Steam Achievements",19.99,19.99,46665,3884,"2,000,000 .. 5,000,000"
1259420,Days Gone,2021-05-17,Bend Studio,PlayStation PC LLC,"Action,Adventure","Single-player, Multi-player, Steam Achievements",39.99,39.99,95697,7446,"2,000,000 .. 5,000,000"
261640,Borderlands: The Pre-Sequel,2014-10-13,"2K Australia,Gearbox Software,Aspyr (Linux)","2K,Aspyr (Linux)","Action,RPG","Single-player, Multi-player, Steam Achievements",39.99,3.99,33577,8802,"2,000,000 .. 5,000,000"
220200,Kerbal Space Program,2015-04-27,Squad,Private Division,"Indie,Simulation","Single-player, Multi-player, Steam Achievements",39.99,9.99,121084,6078,"2,000,000 .. 5,000,000"
1142710,Total War: WARHAMMER III,2022-02-16,"CREATIVE ASSEMBLY,Feral Interactive","SEGA,Feral Interactive","Action,Strategy","Single-player, Multi-player, Steam Achievements",59.99,59.99,87141,32717,"2,000,000 .. 5,000,000"
265630,Fistful of Frags,2020-01-01,Fistful of Frags Team,Fistful of Frags Team,"Action, Indie","Single-player, Multi-player, Steam Achievements",0.0,0.0,33130,3132,"2,000,000 .. 5,000,000"
219150,Hotline Miami,2012-10-23,Dennaton Games,Devolver Digital,"Action,Indie","Single-player, Multi-player, Steam Achievements",9.99,9.99,103599,3058,"2,000,000 .. 5,000,000"
312990,The Expendabros,2014-08-05,Free Lives,Devolver Digital,"Action,Adventure,Free to Play,Indie","Single-player, Multi-player, Steam Achievements",0.0,0.0,17661,513,"2,000,000 .. 5,000,000"
418460,Rising Storm 2: Vietnam,2017-05-30,"Antimatter Games,Tripwire Interactive",Tripwire Interactive,"Action,Massively Multiplayer,Simulation,Strategy","Single-player, Multi-player, Steam Achievements",24.99,24.99,49952,7611,"2,000,000 .. 5,000,000"
211500,RaceRoom Racing Experience,2013-02-12,KW Studios,"KW Studios,RaceRoom Entertainment AG","Free to Play,Racing,Simulation,Sports","Single-player, Multi-player, Steam Achievements",0.0,0.0,17812,5806,"2,000,000 .. 5,000,000"
506540,Last Man Standing,2020-01-01,"Free Reign Entertainment, Free Reign Entertainment",Free Reign Entertainment,"Action, Indie","Single-player, Multi-player, Steam Achievements",0.0,0.0,10776,6811,"2,000,000 .. 5,000,000"
20900,The Witcher: Enhanced Edition Director's Cut,2008-09-16,CD PROJEKT RED,"CD PROJEKT RED,1C-SoftClub","Action,RPG","Single-player, Multi-player, Steam Achievements",9.99,1.49,73569,9135,"2,000,000 .. 5,000,000"
552500,Warhammer: Vermintide 2,2018-03-08,Fatshark,Fatshark,"Action,Indie","Single-player, Multi-player, Steam Achievements",29.99,29.99,113489,20234,"2,000,000 .. 5,000,000"
1057090,Ori and the Will of the Wisps,2020-03-10,Moon Studios GmbH,Xbox Game Studios,Action,"Single-player, Multi-player, Steam Achievements",29.99,2.99,131989,4701,"2,000,000 .. 5,000,000"
359320,Elite Dangerous,2015-04-02,Frontier Developments,Frontier Developments,"Action,Adventure,Massively Multiplayer,RPG,Simulation,Strategy","Single-player, Multi-player, Steam Achievements",19.99,19.99,77388,22636,"2,000,000 .. 5,000,000"
214950,Total War™: ROME II - Emperor Edition,2013-09-02,CREATIVE ASSEMBLY,SEGA,Strategy,"Single-player, Multi-player, Steam Achievements",29.99,29.99,73559,14614,"2,000,000 .. 5,000,000"
9480,Saints Row 2,2009-01-07,Volition,Deep Silver,Action,"Single-player, Multi-player, Steam Achievements",9.99,9.99,15420,5046,"2,000,000 .. 5,000,000"
245170,Skullgirls 2nd Encore,2013-08-22,Hidden Variable Studios,Autumn Games,"Action,Indie","Single-player, Multi-player, Steam Achievements",24.99,24.99,29623,11230,"2,000,000 .. 5,000,000"
207610,The Walking Dead,2012-04-24,Telltale Games,Skybound Games,Adventure,"Single-player, Multi-player, Steam Achievements",14.99,14.99,71633,1995,"2,000,000 .. 5,000,000"
35450,Red Orchestra 2: Heroes of Stalingrad with Rising Storm,2011-09-13,Tripwire Interactive,Tripwire Interactive,"Action,Massively Multiplayer,Simulation","Single-player, Multi-player, Steam Achievements",19.99,19.99,34765,2863,"2,000,000 .. 5,000,000"
285900,Gang Beasts,2017-12-12,"Boneloaf,Coatsink",Boneloaf,"Action,Adventure,Casual,Indie,Simulation","Single-player, Multi-player, Steam Achievements",19.99,19.99,51267,9003,"2,000,000 .. 5,000,000"
232090,Killing Floor 2,2016-11-18,Tripwire Interactive,Tripwire Interactive,Action,"Single-player, Multi-player, Steam Achievements",29.99,29.99,111325,15541,"2,000,000 .. 5,000,000"
42680,Call of Duty: Modern Warfare 3 (2011),2020-01-01,"Infinity Ward, Sledgehammer Games",Activision,"Action, Indie","Single-player, Multi-player, Steam Achievements",39.99,39.99,21320,3686,"2,000,000 .. 5,000,000"
918570,Century: Age of Ashes,2021-12-02,Playwing LTD,Playwing LTD,"Action,Free to Play,Indie","Single-player, Multi-player, Steam Achievements",0.0,0.0,13226,4514,"2,000,000 .. 5,000,000"
1771300,Kingdom Come: Deliverance II,2020-01-01,Warhorse Studios,Deep Silver,"Action, Indie","Single-player, Multi-player, Steam Achievements",59.99,23.99,96279,6058,"2,000,000 .. 5,000,000"
447040,Watch_Dogs® 2,2016-11-28,Ubisoft,Ubisoft,"Action,Adventure","Single-player, Multi-player, Steam Achievements",49.99,2.49,68213,14166,"2,000,000 .. 5,000,000"
200510,XCOM: Enemy Unknown Demo,2012-09-24,"Firaxis Games,Feral Interactive (Linux)","2K,Feral Interactive (Linux)",Strategy,"Single-player, Multi-player, Steam Achievements",14.99,14.99,52717,3697,"2,000,000 .. 5,000,000"
361420,ASTRONEER,2019-02-05,System Era Softworks,System Era Softworks,"Adventure,Indie","Single-player, Multi-player, Steam Achievements",29.99,29.99,118817,10139,"2,000,000 .. 5,000,000"
33900,Arma 2,2020-01-01,Bohemia Interactive,Bohemia Interactive,"Action, Indie","Single-player, Multi-player, Steam Achievements",12.99,12.99,1769,348,"2,000,000 .. 5,000,000"
209080,Guns of Icarus Online,2012-10-29,Muse Games,Muse Games,"Action,Adventure,Indie,Simulation","Single-player, Multi-player, Steam Achievements",4.99,4.99,13172,1473,"2,000,000 .. 5,000,000"
307780,Mortal Kombat X,2015-04-13,"NetherRealm Studios,QLOC",Warner Bros. Interactive Entertainment,Action,"Single-player, Multi-player, Steam Achievements",19.99,19.99,48077,8175,"2,000,000 .. 5,000,000"
335240,Transformice,2015-01-30,Atelier 801,Atelier 801,"Free to Play,Indie,Massively Multiplayer","Single-player, Multi-player, Steam Achievements",0.0,0.0,24320,3341,"2,000,000 .. 5,000,000"
403640,Dishonored 2,2016-11-11,Arkane Studios,Bethesda Softworks,Action,"Single-player, Multi-player, Steam Achievements",29.99,29.99,56155,6627,"2,000,000 .. 5,000,000"
99900,Spiral Knights,2011-06-14,Grey Havens,Grey Havens,"Action,Adventure,Casual,Free to Play,Indie,Massively Multiplayer,RPG","Single-player, Multi-player, Steam Achievements",0.0,0.0,19869,3789,"2,000,000 .. 5,000,000"
1289310,Helltaker,2020-05-11,vanripper,vanripper,"Adventure,Free to Play,Indie","Single-player, Multi-player, Steam Achievements",0.0,0.0,122115,2803,"2,000,000 .. 5,000,000"
287700,METAL GEAR SOLID V: THE PHANTOM PAIN,2015-09-01,Konami Digital Entertainment,Konami Digital Entertainment,"Action,Adventure","Single-player, Multi-player, Steam Achievements",19.99,19.99,91675,8247,"2,000,000 .. 5,000,000"
460930,Tom Clancy's Ghost Recon® Wildlands,2017-03-06,"Ubisoft Paris,Ubisoft Annecy,Ubisoft Bucharest,Ubisoft Montpellier,Ubisoft Milan,Reflections,Ubisoft Belgrade",Ubisoft,"Action,Adventure","Single-player, Multi-player, Steam Achievements",49.99,9.99,77138,19439,"2,000,000 .. 5,000,000"
219740,Don't Starve,2020-01-01,Klei Entertainment,Klei Entertainment,"Adventure,Indie,Simulation","Single-player, Multi-player, Steam Achievements",9.99,9.99,106118,3698,"2,000,000 .. 5,000,000"
96000,The Tiny Bang Story,2011-04-22,Colibri Games,Colibri Games,"Adventure,Casual,Indie","Single-player, Multi-player, Steam Achievements",4.99,4.99,5630,821,"2,000,000 .. 5,000,000"
